{"cameraMode":{"drawMode":0,"name":"Shaded","section":"Shading Mode"},"sceneLighting":true,"audioPlay":false,"sceneViewState":{"showFog":true,"showMaterialUpdate":false,"showSkybox":true,"showFlares":true,"showImageEffects":true,"showParticleSystems":true},"in2DMode":false,"pivot":{"x":-1.7000000476837159,"y":1.2556705474853516,"z":17.100000381469728},"rotation":{"x":-0.12848763167858125,"y":0.8642494082450867,"z":-0.3987809419631958,"w":-0.2784630060195923},"size":84.47463989257813,"orthographic":false}